COUNTA of KDWIL,SKALA USAHA,,,
KDWIL,UB,UM,UMK,Grand Total
1674,,,8,8
1674011,,,2,2
1674011001,,,2,2
1674011001000100,,,70,70
1674011001000200,,,28,28
1674011001000300,,,155,155
1674011001000400,,,28,28
1674011001000500,,,28,28
1674011001000601,,,20,20
1674011001000602,,,24,24
1674011002000100,,1,29,30
1674011002000200,,,28,28
1674011002000300,,,24,24
1674011002000400,,,94,94
1674011003,,,1,1
1674011003000101,,,69,69
1674011003000102,,,44,44
1674011003000201,,,14,14
1674011003000202,,,49,49
1674011003000301,,,55,55
1674011003000302,,2,303,305
1674011003000400,,,70,70
1674011003000500,,2,183,185
1674011003000601,,,53,53
1674011003000602,,,161,161
1674011003000603,,,35,35
1674011003000604,,,7,7
1674011003000701,1,,37,38
1674011003000702,,,27,27
1674011003000801,,,17,17
1674011003000802,,,27,27
1674011003000803,,,8,8
1674011003000804,,,30,30
1674011004,,,1,1
1674011004000100,,,29,29
1674011004000201,,,56,56
1674011004000202,,,39,39
1674011004000300,,,79,79
1674011004000401,,,48,48
1674011004000402,,,49,49
1674011004000500,,,73,73
1674011004000600,,,31,31
1674011005,,,1,1
1674011005000100,,,15,15
1674011005000200,,,40,40
1674011005000300,,,83,83
1674011005000400,,2,13,15
1674011005000500,,1,8,9
1674011005000600,,,28,28
1674011005000700,,,15,15
1674011005000800,,4,309,313
1674011005000900,,,30,30
1674011005001000,,,75,75
1674011005001100,,,5,5
1674011006000100,,,33,33
1674011006000200,1,1,43,45
1674011006000300,1,1,46,48
1674011006000400,,1,35,36
1674011006000500,,,72,72
1674011006000601,,,50,50
1674011006000602,,,22,22
1674011007,,,1,1
1674011007000100,,,59,59
1674011007000200,,,35,35
1674011007000300,,,59,59
1674011007000400,,,32,32
1674011007000500,,,35,35
1674011007000600,,,45,45
1674011007000701,,1,36,37
1674011007000702,,,52,52
1674011007000703,,,80,80
1674011008,,1,,1
1674011008000100,,1,54,55
1674011008000200,,,38,38
1674011008000300,,,24,24
1674011008000400,,,39,39
1674011008000500,,1,20,21
1674011008000600,,,31,31
1674011008000700,,,43,43
1674011008000800,,1,162,163
1674011008000901,,2,50,52
1674011008000902,1,2,50,53
1674011008001000,1,1,432,434
1674011009,,,2,2
1674011009000101,,,38,38
1674011009000102,,,26,26
1674011009000200,,,95,95
1674011009000300,,2,74,76
1674011009000400,,,19,19
1674011009000500,,,34,34
1674011009000600,,,63,63
1674011009000700,,,74,74
1674011010,,,1,1
1674011010000100,,,51,51
1674011010000200,,,60,60
1674011010000300,,,77,77
1674011010000400,,,57,57
1674011010000500,,,61,61
1674011010000600,,,42,42
1674011010000700,,1,198,199
1674011010000801,,,39,39
1674011010000802,,,13,13
1674011010000803,,,65,65
1674011010000901,,,21,21
1674011010000902,,,72,72
1674011011000101,,,32,32
1674011011000102,,,64,64
1674011011000200,,,59,59
1674011011000300,1,,50,51
1674011011000400,,,31,31
1674011011000500,,1,36,37
1674011011000600,,,17,17
1674011011000701,,,21,21
1674011011000702,,,36,36
1674011011000703,,,9,9
1674011011000801,,,28,28
1674011011000802,,,22,22
1674011011000803,,,58,58
1674011011000901,,,21,21
1674011011000902,,,63,63
1674011011001001,,,23,23
1674011011001002,,,28,28
1674011011001101,,,41,41
1674011011001102,,1,39,40
1674012,,1,10,11
1674012001,,1,1,2
1674012001000100,,,39,39
1674012001000200,,,32,32
1674012001000300,,1,134,135
1674012001000400,,,27,27
1674012001000500,1,,32,33
1674012001000600,,,63,63
1674012001000700,,,29,29
1674012001000800,,1,71,72
1674012001000900,,,44,44
1674012001001000,,,49,49
1674012001001101,,,28,28
1674012001001102,,,48,48
1674012001001200,,,54,54
1674012001100100,,,3,3
1674012002000101,,,65,65
1674012002000102,,,77,77
1674012002000200,,,77,77
1674012002000300,,,50,50
1674012002000400,,,19,19
1674012002000500,,,16,16
1674012002200100,,,66,66
1674012003,,,1,1
1674012003000101,,,44,44
1674012003000102,,,131,131
1674012003000200,,1,81,82
1674012003000300,,,83,83
1674012003000400,,,27,27
1674012003000500,,,35,35
1674012003000601,,,44,44
1674012003000602,,,118,118
1674012003000701,,,40,40
1674012003000702,,1,194,195
1674012003000800,,1,20,21
1674012003000900,,,52,52
1674012003100100,,,2,2
1674012004000100,,2,43,45
1674012004000200,,1,66,67
1674012004000300,,2,32,34
1674012004000400,,,22,22
1674012004000500,,1,58,59
1674012005000100,,5,173,178
1674012005000200,,,50,50
1674012005000300,,2,117,119
1674012005000400,,,32,32
1674012005000500,,1,26,27
1674012005000600,1,,34,35
1674012005000700,,,59,59
1674012005000800,,6,249,255
1674012005000900,,,30,30
1674012006000100,,,58,58
1674012006000200,,,58,58
1674012006000300,,,53,53
1674012006000400,,,46,46
1674012006000500,,,102,102
1674012006000600,,,42,42
1674012007000100,,1,23,24
1674012007000200,,,14,14
1674012007000300,,,52,52
1674012007000400,,,30,30
1674012007000500,,1,50,51
1674012007000600,,1,24,25
1674012008,,1,2,3
1674012008000101,,1,95,96
1674012008000102,,,63,63
1674012008000201,,1,57,58
1674012008000202,2,,115,117
1674012008000300,,1,,1
1674012008000301,,,38,38
1674012008000302,1,2,129,132
1674012008000400,1,3,100,104
1674012008000501,,1,57,58
1674012008000502,,,31,31
1674012008000601,3,1,74,78
1674012008000602,2,,85,87
1674012008000603,,,84,84
1674012008000604,4,,155,159
1674012008000605,5,2,157,164
1674021,,2,19,21
1674021001000100,1,,42,43
1674021001000200,,,34,34
1674021001000300,1,,28,29
1674021001000400,,,37,37
1674021001000501,,,34,34
1674021001000502,,,15,15
1674021001000601,,,47,47
1674021001000602,,,24,24
1674021001000700,,,43,43
1674021001000800,,,43,43
1674021001000900,,,43,43
1674021001001000,,,21,21
1674021001001100,,,20,20
1674021001001200,,,31,31
1674021001100100,,,1,1
1674021001100200,1,,,1
1674021002000100,,,77,77
1674021002000201,,,13,13
1674021002000202,,,28,28
1674021002000301,,,10,10
1674021002000302,,,13,13
1674021003000100,,,19,19
1674021003000200,,,67,67
1674021003000300,,,34,34
1674021003000400,,,23,23
1674021003000500,,,33,33
1674021003000600,1,,43,44
1674021003000700,,,15,15
1674021004,,,1,1
1674021004000100,,,114,114
1674021004000200,,,20,20
1674021004000300,,,73,73
1674021004000400,,,32,32
1674021004000500,,,14,14
1674021004000600,,,25,25
1674021005000100,,,24,24
1674021005000200,,,17,17
1674021005000300,,,36,36
1674021005000400,,,27,27
1674021005000500,,,94,94
1674021005000600,,,29,29
1674021006,,,6,6
1674021006000101,,1,42,43
1674021006000102,,1,61,62
1674021006000200,,,35,35
1674021006000300,,5,227,232
1674021006000400,,,42,42
1674021006000500,,,36,36
1674021006000601,,,26,26
1674021006000602,,,22,22
1674021006000700,,,55,55
1674021006000801,,1,20,21
1674021006000802,,2,43,45
1674021006000901,1,,28,29
1674021006000902,,2,34,36
1674021006001001,,3,58,61
1674021006001002,,,37,37
1674021006001101,,,49,49
1674021006001102,,,62,62
1674021007000101,,,42,42
1674021007000102,,,53,53
1674021007000201,,,33,33
1674021007000202,,,59,59
1674021007000301,,,72,72
1674021007000302,,,31,31
1674021007000401,,,27,27
1674021007000402,,,19,19
1674021007000501,,1,37,38
1674021007000502,,,174,174
1674021007000600,,,15,15
1674022,,,4,4
1674022001,,2,,2
1674022001000100,,,67,67
1674022001000200,,1,87,88
1674022001000300,,,137,137
1674022001000400,1,1,84,86
1674022001000500,,,12,12
1674022001000600,,,39,39
1674022001000701,1,,36,37
1674022001000702,,,34,34
1674022001000800,,5,93,98
1674022001000901,1,4,45,50
1674022001000902,,3,349,352
1674022001001001,,,34,34
1674022001001002,,,34,34
1674022001001003,,1,32,33
1674022002,,,1,1
1674022002000100,,1,86,87
1674022002000200,,,55,55
1674022002000300,,1,81,82
1674022002000400,,,24,24
1674022003000100,1,1,86,88
1674022003000201,,,22,22
1674022003000202,,,20,20
1674022003000203,,,27,27
1674022003000204,,2,65,67
1674022003000301,,,40,40
1674022003000302,,,54,54
1674022003000401,,,23,23
1674022003000402,1,,21,22
1674022003000501,,1,30,31
1674022003000502,,2,217,219
1674022003000601,,,18,18
1674022003000602,,,55,55
1674022003000701,,,48,48
1674022003000702,,,36,36
1674022003000703,,,39,39
1674022003100200,1,,5,6
1674022003100300,,,3,3
1674022003100400,,1,1,2
1674022004,,1,4,5
1674022004000101,1,,41,42
1674022004000102,2,2,40,44
1674022004000201,,,66,66
1674022004000202,,,52,52
1674022004000301,,1,45,46
1674022004000302,,,36,36
1674022004000400,,2,111,113
1674022004000501,5,4,42,51
1674022004000502,,,29,29
1674022004000600,1,2,93,96
1674022004000701,1,1,47,49
1674022004000702,,,43,43
1674022004000800,,3,90,93
1674022004000900,,,55,55
1674022004001001,,7,453,460
1674022004001002,,,26,26
1674022004001003,,,34,34
1674022004001101,,,20,20
1674022004001102,,,22,22
1674022004001103,,,109,109
1674022004001104,,1,13,14
1674022005000101,,,42,42
1674022005000102,,,32,32
1674022005000103,,,11,11
1674022005000201,,,70,70
1674022005000202,,,45,45
1674022005000301,,,41,41
1674022005000302,,,76,76
1674022005000401,,,15,15
1674022005000402,,,28,28
1674022005000403,,1,38,39
1674022005000404,,3,26,29
1674022005000501,,,31,31
1674022005000502,,1,104,105
1674022005000601,,1,64,65
1674022005000602,1,4,55,60
1674022005000701,,,23,23
1674022005000702,,1,125,126
1674022005000800,,,46,46
1674022006,,,3,3
1674022006000100,,2,86,88
1674022006000201,,,30,30
1674022006000202,,,38,38
1674022006000300,,,25,25
1674022006000401,3,1,246,250
1674022006000402,1,1,84,86
1674022006000501,1,,66,67
1674022006000502,,1,48,49
1674022006000503,,,43,43
1674022006000601,,,35,35
1674022006000602,,,30,30
1674022006000603,1,2,73,76
1674022006000604,,,70,70
1674022006000700,,,64,64
1674022007,,,4,4
1674022007000100,,,97,97
1674022007000200,,1,43,44
1674022007000300,,,46,46
1674022007000400,,,45,45
1674022008,,,3,3
1674022008000100,,,15,15
1674022008000200,,,102,102
1674022008000300,,,57,57
1674022008000400,,,30,30
1674022008000500,,1,53,54
1674022008000601,,,33,33
1674022008000602,,,21,21
1674022008100100,,,14,14
1674022009,,1,10,11
1674022009000100,,,41,41
1674022009000200,,,47,47
1674022009000300,,,34,34
1674022009000401,,,49,49
1674022009000402,,,21,21
1674022009000500,,,22,22
1674022009000600,,,25,25
1674022009000701,,1,113,114
1674022009000702,,,44,44
1674031,,,10,10
1674031001,,1,4,5
1674031001000100,1,1,75,77
1674031001000201,,,48,48
1674031001000202,,,36,36
1674031001000203,,,39,39
1674031001000204,,,10,10
1674031001000205,,,4,4
1674031001000207,,,7,7
1674031001000208,,,33,33
1674031001000209,,,19,19
1674031001000210,,,37,37
1674031001000211,,,43,43
1674031001000212,,,94,94
1674031001000213,,,36,36
1674031001000214,,,22,22
1674031001000215,,,18,18
1674031001000216,,3,31,34
1674031001000301,,,68,68
1674031001000302,,3,85,88
1674031001000401,1,1,40,42
1674031001000402,,1,20,21
1674031001000500,3,3,140,146
1674031001000600,,1,72,73
1674031001000701,,,40,40
1674031001000702,,,60,60
1674031001000703,,,69,69
1674031001000800,,1,71,72
1674031001000900,4,3,58,65
1674031001001001,,,51,51
1674031001001002,2,14,694,710
1674031001001101,1,3,89,93
1674031001001102,1,9,105,115
1674031001001201,,,69,69
1674031001001202,,,88,88
1674031002000100,1,2,79,82
1674031002000200,2,6,194,202
1674031002000300,,1,30,31
1674031002000400,,,87,87
1674031002000500,1,,64,65
1674031003,,,1,1
1674031003000100,,,50,50
1674031003000200,,2,54,56
1674031003000301,,,39,39
1674031003000302,,1,62,63
1674031003000401,,,34,34
1674031003000402,1,,54,55
1674031003000501,,,50,50
1674031003000502,,1,38,39
1674031003000600,2,10,130,142
1674031004,,1,2,3
1674031004000101,,,59,59
1674031004000102,,,40,40
1674031004000103,,1,53,54
1674031004000104,,9,413,422
1674031004000105,,2,40,42
1674031004000201,,,45,45
1674031004000202,1,8,70,79
1674031004000301,2,1,57,60
1674031004000302,,,28,28
1674031004000401,,1,54,55
1674031004000402,,2,109,111
1674031004000501,,2,50,52
1674031004000502,,,54,54
1674031004000600,,2,61,63
1674031004000701,,2,72,74
1674031004000702,,1,83,84
1674031005000101,,,32,32
1674031005000102,,,38,38
1674031005000103,,1,41,42
1674031005000104,,,41,41
1674031005000201,,,45,45
1674031005000202,,,51,51
1674031005000301,,,53,53
1674031005000302,,1,92,93
1674031005000401,,,45,45
1674031005000402,,,37,37
1674031005000501,,,23,23
1674031005000502,,,27,27
1674031005000503,,,45,45
1674031005000600,,1,57,58
1674031005000700,,1,65,66
1674031005000801,,,19,19
1674031005000802,,,32,32
1674031006,,,2,2
1674031006000101,,,59,59
1674031006000102,,2,41,43
1674031006000200,,3,224,227
1674031006000301,1,1,63,65
1674031006000302,,,37,37
1674031006000401,,1,50,51
1674031006000402,,,25,25
1674031006000403,,,58,58
1674031006000404,,,11,11
1674031006000501,,,47,47
1674031006000502,,,44,44
1674031007000100,,,58,58
1674031007000201,,,43,43
1674031007000202,,,29,29
1674031007000301,,,70,70
1674031007000302,,,65,65
1674031007000400,1,1,215,217
1674031007000500,,,52,52
1674031007000600,,,25,25
1674031007000700,,,48,48
1674031008000100,,,31,31
1674031008000200,,,13,13
1674031008000300,,,22,22
1674031008000400,,,24,24
1674031008000500,,,45,45
1674031008000600,,,29,29
1674031008000701,,,46,46
1674031008000702,,,67,67
1674031008000703,,,55,55
1674031008000704,,2,240,242
1674031008100100,,,11,11
1674032,,,11,11
1674032001,,,1,1
1674032001000100,,,70,70
1674032001000200,,,43,43
1674032001000300,,,72,72
1674032001000400,,,60,60
1674032001000501,1,,219,220
1674032001000502,,,131,131
1674032001000600,,,56,56
1674032001000701,,,25,25
1674032001000702,,,28,28
1674032001000800,,,53,53
1674032002000100,,,177,177
1674032002000201,,,19,19
1674032002000202,,2,75,77
1674032002000301,,,45,45
1674032002000302,,,51,51
1674032002000401,,,26,26
1674032002000402,,,29,29
1674032002000403,,,6,6
1674032003000100,2,1,92,95
1674032003000200,,,62,62
1674032003000300,2,4,204,210
1674032003000400,,2,72,74
1674032004,,2,,2
1674032004000100,,,29,29
1674032004000200,,8,77,85
1674032004000300,2,4,203,209
1674032004000400,,,53,53
1674032004000500,,,17,17
1674032004000600,,,44,44
1674032004000700,1,,192,193
1674032004000800,,,58,58
1674032004000900,,,43,43
1674032004001000,1,,40,41
1674032004001100,,,32,32
1674032004001200,,,40,40
1674032004001300,,,41,41
1674032004001400,,,16,16
1674032004001500,1,2,218,221
1674032005000100,,,56,56
1674032005000200,,,47,47
1674032005000300,,1,43,44
1674032005000400,,,56,56
1674032005000500,,,30,30
1674032005000600,,,70,70
1674032005000700,,,58,58
1674032005000800,,,70,70
1674032005000900,,,38,38
1674032006000100,,1,96,97
1674032006000200,,,44,44
1674032006000300,,,42,42
1674032006000400,,,33,33
1674032006000500,,1,68,69
1674032006000600,,,59,59
1674032006000700,,,21,21
1674032006000800,,,39,39
1674032006000900,,2,98,100
1674032006001000,,,31,31
1674032007,,1,1,2
1674032007000100,,3,91,94
1674032007000200,,,37,37
1674032007000301,2,1,82,85
1674032007000302,1,,68,69
1674032007000400,,,29,29
1674032007000500,,,51,51
1674032007000600,,,27,27
1674032007000700,,,21,21
1674032007000800,,,6,6
1674032007000900,,,22,22
1674032007001000,,,35,35
1674032008000101,,,118,118
1674032008000102,,,24,24
1674032008000103,,,25,25
1674032008000200,,,35,35
1674032008000300,,1,52,53
1674032008000400,,,51,51
1674032008000500,,,70,70
1674032008000600,,,27,27
1674032008000701,,,63,63
1674032008000702,,,59,59
1674032008000801,,,56,56
1674032008000802,,,71,71
1674032008000901,,,68,68
1674032008000902,,,62,62
1674032009000101,,1,393,394
1674032009000102,,3,70,73
1674032009000201,,1,77,78
1674032009000202,,,34,34
1674032009000301,,,40,40
1674032009000302,,,44,44
1674032009000401,,,28,28
1674032009000402,,,25,25
1674032009000501,,1,58,59
1674032009000502,,1,41,42
1674032009000600,,,39,39
1674032009000701,,,50,50
1674032009000702,,,26,26
1674032009000703,,,88,88
1674032009000801,,,46,46
1674032009000802,,,43,43
1674032009000900,,,35,35
1674032009001000,,,65,65
1674041,,,6,6
1674041001,,,2,2
1674041001000100,,,43,43
1674041001000200,,,65,65
1674041001000300,1,2,86,89
1674041001000400,,2,68,70
1674041001000501,,,51,51
1674041001000502,,,29,29
1674041001000600,,4,35,39
1674041001000700,,,37,37
1674041001000800,,,22,22
1674041002000100,,,102,102
1674041002000200,,,32,32
1674041002000300,,,22,22
1674041002000400,,,31,31
1674041002000500,,,60,60
1674041002000600,,,50,50
1674041002000700,,,47,47
1674041002000800,,,13,13
1674041003,,,79,79
1674041003000101,,,24,24
1674041003000102,,,54,54
1674041003000200,,,87,87
1674041003000300,,,54,54
1674041003000400,1,,52,53
1674041003000500,,,29,29
1674041003000600,,,15,15
1674041003000700,,,19,19
1674041004000100,,,29,29
1674041004000200,1,4,102,107
1674041004000300,,,54,54
1674041004000400,,,23,23
1674041005000100,,,34,34
1674041005000200,,,46,46
1674041006000100,,,22,22
1674041006000200,,,22,22
1674041006000300,,,9,9
1674041006000400,,,44,44
1674041006000500,,,16,16
1674041006000600,,,19,19
1674041006000700,,,6,6
1674041006000800,,,5,5
1674041006000900,,,6,6
1674041007000100,,,35,35
1674041007000200,,,33,33
1674041007000300,,,28,28
1674041007000400,,,23,23
1674041008000100,,,24,24
1674041008000200,,,5,5
1674041008000300,,,24,24
1674041008000400,,,85,85
1674041008000500,,,15,15
1674041008000600,,,27,27
1674041009000100,,,84,84
1674041009000200,,1,207,208
1674041009000301,1,1,39,41
1674041009000302,,,32,32
1674041009000400,,,59,59
1674041010,,,1,1
1674041010000100,,,15,15
1674041010000200,,,26,26
1674041010000300,1,,47,48
1674041010000400,,,37,37
1674041010000500,,,35,35
1674042,,,1,1
1674042001,,,1,1
1674042001000100,,,33,33
1674042001000200,,,20,20
1674042001000300,,,45,45
1674042001000400,,,41,41
1674042001000500,,,75,75
1674042001000600,1,,63,64
1674042001000700,,,44,44
1674042001000800,,,194,194
1674042001000900,,4,231,235
1674042001001001,,,54,54
1674042001001002,,,58,58
1674042001200100,,,2,2
1674042002,,,1,1
1674042002000100,,3,64,67
1674042002000201,,,65,65
1674042002000202,,2,270,272
1674042002000300,,,88,88
1674042002000400,,,96,96
1674042002000500,,,24,24
1674042002000601,,,108,108
1674042002000602,,,163,163
1674042002000603,,,104,104
1674042002000604,,,54,54
1674042003,,1,,1
1674042003000100,,,50,50
1674042003000200,1,3,300,304
1674042003000300,,,49,49
1674042003000400,,,62,62
1674042003000500,,,30,30
1674042003000600,,,37,37
1674042003000700,,,34,34
1674042003000800,,,58,58
1674042003000900,,1,62,63
1674042003001000,,,42,42
1674042003001100,,,55,55
1674042003001200,,,28,28
1674042004000101,,,24,24
1674042004000102,,,15,15
1674042004000200,,,28,28
1674042004000300,,,46,46
1674042004000401,,1,177,178
1674042004000402,,,42,42
1674042004000501,,,57,57
1674042004000502,,,20,20
1674042004000600,,,36,36
1674042005,,,1,1
1674042005000100,,,68,68
1674042005000200,,1,40,41
1674042005000301,,,35,35
1674042005000302,,,76,76
1674042005000303,,,42,42
1674042005000304,,,18,18
1674042005000401,,,49,49
1674042005000402,,6,249,255
1674042005000403,,,32,32
1674042005000501,,,47,47
1674042005000502,,,37,37
1674042005000503,,,34,34
1674042005000601,,,56,56
1674042005000602,,,36,36
1674042005000701,,1,30,31
1674042005000702,,,29,29
1674042005000703,,2,32,34
1674042005000704,,,30,30
1674042005000801,,,37,37
1674042005000802,,,63,63
1674042005000803,,,10,10
1674042005000901,,,44,44
1674042005000902,,,33,33
1674042005100100,,,16,16
1674042006,,,1,1
1674042006000100,,2,82,84
1674042006000201,,,67,67
1674042006000202,1,2,97,100
1674042006000300,,1,69,70
1674042006000400,,,63,63
1674042006000500,,,70,70
1674042006000600,1,1,92,94
1674042006000700,,,50,50
1674042007000100,,,32,32
1674042007000200,,,38,38
1674042007000301,,1,189,190
1674042007000302,,,32,32
1674042007000400,,,50,50
1674042007000501,,,37,37
1674042007000502,,,18,18
1674042007000601,,1,35,36
1674042007000602,,,39,39
1674042007000701,1,,40,41
1674042007000702,,,58,58
1674042008,,,1,1
1674042008000100,,1,91,92
1674042008000201,,,9,9
1674042008000202,,1,38,39
1674042008000301,,2,26,28
1674042008000302,,2,13,15
1674042008000400,,,86,86
1674042008000501,,,26,26
1674042008000502,,,21,21
1674042008000600,,,61,61
1674042008000700,,1,95,96
1674042008000801,,,19,19
1674042008000802,,4,241,245
1674042008000803,,,29,29
1674042008200100,,,2,2
1674042009,,1,2,3
1674042009000100,,,38,38
1674042009000201,,,36,36
1674042009000202,,,35,35
1674042009000300,,,45,45
1674042009000401,,,55,55
1674042009000402,,,48,48
1674042009000403,,,50,50
1674042009000501,,,35,35
1674042009000502,,,39,39
1674042009000601,,2,41,43
1674042009000602,,,39,39
1674042009000701,1,7,229,237
1674042009000702,,,25,25
1674042009000703,,1,19,20
1674042009200100,1,,3,4
1674042010000101,,,56,56
1674042010000102,,,58,58
1674042010000200,,,58,58
1674042010000300,,,23,23
1674042010000400,,,63,63
1674042010500200,,,69,69
Grand Total,104,388,43416,43908