id;nama;email ;password;foto;wil_tugas
1;Ade Aji Nugraha;;;;
2;Anggi Selviyani;;;;
3;Barokah Fitriana;;;;
4;Desi Angraini Trisan;;;;
5;Dwi Irawan;;;;
6;Elpitasari;;;;
7;Fitri Yanti;;;;
8;Gita Niken;;;;
9;Hermawan Santoso;;;;
10;Lusi Kristianti Harahap;;;;
11;Julia Haleza;;;;
12;Mardho Bangun Persada;;;;
13;Wahyu Suharto;;;;
14;Meyliana Fijriah;;;;
15;Oftiana Jurli;;;;
16;Rara Aziza Maharani;;;;
17;Sigit Suhendro;;;;
18;Tetta Oktri Eisy Ananda Rb;;;;
19;Wind;;;;
20;Bunyamin;;;;
21;Jul'Asfi Royhani;;;;
22;Medi Riansa;;;;
23;Anggah;;;;
24;Novi Hidayati;;;;
25;Fadilah;;;;
26;Yesi Andrayani;;;;
27;Neni Triana;;;;
28;Intan Purnama Sari;;;;
29;Johan Effendi;;;;
30;Vira Indriani;;;;
31;Siti Rumaisah;;;;
32;Rati Oktavia;;;;
33;Lola Arselia;;;;
34;Catur Puspita Sari;;;;
35;Ika Umaya Sari;;;;
36;Novi Anggraini;;;;
37;Yulfita Tasya;;;;
38;Desti Hardianti;;;;
39;Dewi ayu sartika;;;;
40;Ani Anggraini Selvi Wulandari Putri;;;;
41;Yunita Antasari;;;;
42;Apriliani Kartini;;;;
43;Aisyah Amini;;;;
44;Dina Risniati;;;;
45;Esi Kurniasi;;;;
